{
  "view/App.view.xml": 1655889848574,
  "controller/App.controller.js": 1655889848570,
  "utils/locate-reuse-libs.js": 1655889848566,
  "model/models.js": 1655889848570,
  "manifest.json": 1656160879141,
  "Component.js": 1655889848562,
  "manifest-bundle.zip": 1656160879159,
  "Component-preload.js": 1656160879442,
  "controller/App-dbg.controller.js": 1655889848570,
  "model/models-dbg.js": 1655889848570,
  "utils/locate-reuse-libs-dbg.js": 1655889848566,
  "Component-dbg.js": 1655889848562,
  "i18n/i18n.properties": 1655889848566,
  "css/style.css": 1655889848574,
  "index.html": 1655889848562
}