{
  "index.html": 1655890172137,
  "controller/App.controller.js": 1655890172145,
  "utils/locate-reuse-libs.js": 1655890172141,
  "model/models.js": 1655890172145,
  "manifest.json": 1656160882887,
  "Component.js": 1655890172137,
  "manifest-bundle.zip": 1656160882898,
  "Component-preload.js": 1656160883121,
  "model/models-dbg.js": 1655890172145,
  "utils/locate-reuse-libs-dbg.js": 1655890172141,
  "controller/App-dbg.controller.js": 1655890172145,
  "Component-dbg.js": 1655890172137,
  "view/App.view.xml": 1655890172149,
  "css/style.css": 1655890172145,
  "i18n/i18n.properties": 1655890172141
}